{
  "mobilenetv3_csam": {
    "params_M": 1.262718,
    "flops_G": 0.126756384,
    "inference_ms": 22.379625141329598,
    "inference_std_ms": 6.818857510231912,
    "fps": 44.68350089355379,
    "energy_mJ": 2349.8606398396078
  }
}