{
  "mobilenetv3_csam": {
    "params_M": 1.262718,
    "flops_G": 0.126756384,
    "inference_ms": 33.70654822990764,
    "inference_std_ms": 6.046699155948541,
    "fps": 29.667825764274056,
    "energy_mJ": 3539.187564140302
  }
}