{
  "mobilenetv3_csam": {
    "params_M": 1.262718,
    "flops_G": 0.126756384,
    "inference_ms": 11.651011561742052,
    "inference_std_ms": 0.49541230838390493,
    "fps": 85.82945735661777,
    "energy_mJ": 1223.3562139829155
  }
}