{
  "mobilenetv3_csam": {
    "params_M": 1.262718,
    "flops_G": 0.126756384,
    "inference_ms": 14.736548619926907,
    "inference_std_ms": 2.382869708684687,
    "fps": 67.85849426423974,
    "energy_mJ": 1547.3376050923252
  }
}