{
  "mobilenetv3_csam": {
    "params_M": 1.262718,
    "flops_G": 0.126756384,
    "inference_ms": 14.023311850905884,
    "inference_std_ms": 1.731319849564122,
    "fps": 71.30983113203759,
    "energy_mJ": 1472.4477443451178
  }
}